D,idx,pat
44,0,-1 12 -1 28 -1 20 4 36 -1 16 0 32 -1 24 8 40 -1 14 -1 30 -1 22 6 38 -1 18 2 34 -1 26 10 42 -1 13 -1 29 -1 21 5 37 -1 17 1 33 -1 25 9 41 -1 15 -1 31 -1 23 7 39 -1 19 3 35 -1 27 11 43
44,2,-1 13 -1 29 -1 21 5 37 -1 17 1 33 -1 25 9 41 -1 15 -1 31 -1 23 7 39 -1 19 3 35 -1 27 11 43 -1 14 -1 30 -1 22 6 38 -1 18 2 34 -1 26 10 42 -1 16 0 32 -1 24 8 40 -1 20 4 36 -1 28 12 -1
44,1,-1 12 -1 28 -1 20 4 36 -1 16 0 32 -1 24 8 40 -1 14 -1 30 -1 22 6 38 -1 18 2 34 -1 26 10 42 -1 13 -1 29 -1 21 5 37 -1 17 1 33 -1 25 9 41 -1 15 -1 31 -1 23 7 39 -1 19 3 35 -1 27 11 43
64,0,0 32 16 48 8 40 24 56 4 36 20 52 12 44 28 60 2 34 18 50 10 42 26 58 6 38 22 54 14 46 30 62 1 33 17 49 9 41 25 57 5 37 21 53 13 45 29 61 3 35 19 51 11 43 27 59 7 39 23 55 15 47 31 63
64,2,1 33 17 49 9 41 25 57 5 37 21 53 13 45 29 61 3 35 19 51 11 43 27 59 7 39 23 55 15 47 31 63 2 34 18 50 10 42 26 58 6 38 22 54 14 46 30 62 4 36 20 52 12 44 28 60 8 40 24 56 16 48 32 0
100,0,-1 4 36 68 -1 20 52 84 -1 12 44 76 -1 28 60 92 -1 8 40 72 -1 24 56 88 -1 16 48 80 0 32 64 96 -1 6 38 70 -1 22 54 86 -1 14 46 78 -1 30 62 94 -1 10 42 74 -1 26 58 90 -1 18 50 82 2 34 66 98 -1 5 37 69 -1 21 53 85 -1 13 45 77 -1 29 61 93 -1 9 41 73 -1 25 57 89 -1 17 49 81 1 33 65 97 -1 7 39 71 -1 23 55 87 -1 15 47 79 -1 31 63 95 -1 11 43 75 -1 27 59 91 -1 19 51 83 3 35 67 99
100,2,-1 5 37 69 -1 21 53 85 -1 13 45 77 -1 29 61 93 -1 9 41 73 -1 25 57 89 -1 17 49 81 1 33 65 97 -1 7 39 71 -1 23 55 87 -1 15 47 79 -1 31 63 95 -1 11 43 75 -1 27 59 91 -1 19 51 83 3 35 67 99 -1 6 38 70 -1 22 54 86 -1 14 46 78 -1 30 62 94 -1 10 42 74 -1 26 58 90 -1 18 50 82 2 34 66 98 -1 8 40 72 -1 24 56 88 -1 16 48 80 0 32 64 96 -1 12 44 76 -1 28 60 92 -1 20 52 84 4 36 68 -1
516,0,-1 4 36 68 100 132 164 196 228 260 292 324 356 388 420 452 484 -1 20 52 84 116 148 180 212 244 276 308 340 372 404 436 468 500 -1 12 44 76 108 140 172 204 236 268 300 332 364 396 428 460 492 -1 28 60 92 124 156 188 220 252 284 316 348 380 412 444 476 508 -1 8 40 72 104 136 168 200 232 264 296 328 360 392 424 456 488 -1 24 56 88 120 152 184 216 248 280 312 344 376 408 440 472 504 -1 16 48 80 112 144 176 208 240 272 304 336 368 400 432 464 496 0 32 64 96 128 160 192 224 256 288 320 352 384 416 448 480 512 -1 6 38 70 102 134 166 198 230 262 294 326 358 390 422 454 486 -1 22 54 86 118 150 182 214 246 278 310 342 374 406 438 470 502 -1 14 46 78 110 142 174 206 238 270 302 334 366 398 430 462 494 -1 30 62 94 126 158 190 222 254 286 318 350 382 414 446 478 510 -1 10 42 74 106 138 170 202 234 266 298 330 362 394 426 458 490 -1 26 58 90 122 154 186 218 250 282 314 346 378 410 442 474 506 -1 18 50 82 114 146 178 210 242 274 306 338 370 402 434 466 498 2 34 66 98 130 162 194 226 258 290 322 354 386 418 450 482 514 -1 5 37 69 101 133 165 197 229 261 293 325 357 389 421 453 485 -1 21 53 85 117 149 181 213 245 277 309 341 373 405 437 469 501 -1 13 45 77 109 141 173 205 237 269 301 333 365 397 429 461 493 -1 29 61 93 125 157 189 221 253 285 317 349 381 413 445 477 509 -1 9 41 73 105 137 169 201 233 265 297 329 361 393 425 457 489 -1 25 57 89 121 153 185 217 249 281 313 345 377 409 441 473 505 -1 17 49 81 113 145 177 209 241 273 305 337 369 401 433 465 497 1 33 65 97 129 161 193 225 257 289 321 353 385 417 449 481 513 -1 7 39 71 103 135 167 199 231 263 295 327 359 391 423 455 487 -1 23 55 87 119 151 183 215 247 279 311 343 375 407 439 471 503 -1 15 47 79 111 143 175 207 239 271 303 335 367 399 431 463 495 -1 31 63 95 127 159 191 223 255 287 319 351 383 415 447 479 511 -1 11 43 75 107 139 171 203 235 267 299 331 363 395 427 459 491 -1 27 59 91 123 155 187 219 251 283 315 347 379 411 443 475 507 -1 19 51 83 115 147 179 211 243 275 307 339 371 403 435 467 499 3 35 67 99 131 163 195 227 259 291 323 355 387 419 451 483 515
516,2,-1 5 37 69 101 133 165 197 229 261 293 325 357 389 421 453 485 -1 21 53 85 117 149 181 213 245 277 309 341 373 405 437 469 501 -1 13 45 77 109 141 173 205 237 269 301 333 365 397 429 461 493 -1 29 61 93 125 157 189 221 253 285 317 349 381 413 445 477 509 -1 9 41 73 105 137 169 201 233 265 297 329 361 393 425 457 489 -1 25 57 89 121 153 185 217 249 281 313 345 377 409 441 473 505 -1 17 49 81 113 145 177 209 241 273 305 337 369 401 433 465 497 1 33 65 97 129 161 193 225 257 289 321 353 385 417 449 481 513 -1 7 39 71 103 135 167 199 231 263 295 327 359 391 423 455 487 -1 23 55 87 119 151 183 215 247 279 311 343 375 407 439 471 503 -1 15 47 79 111 143 175 207 239 271 303 335 367 399 431 463 495 -1 31 63 95 127 159 191 223 255 287 319 351 383 415 447 479 511 -1 11 43 75 107 139 171 203 235 267 299 331 363 395 427 459 491 -1 27 59 91 123 155 187 219 251 283 315 347 379 411 443 475 507 -1 19 51 83 115 147 179 211 243 275 307 339 371 403 435 467 499 3 35 67 99 131 163 195 227 259 291 323 355 387 419 451 483 515 -1 6 38 70 102 134 166 198 230 262 294 326 358 390 422 454 486 -1 22 54 86 118 150 182 214 246 278 310 342 374 406 438 470 502 -1 14 46 78 110 142 174 206 238 270 302 334 366 398 430 462 494 -1 30 62 94 126 158 190 222 254 286 318 350 382 414 446 478 510 -1 10 42 74 106 138 170 202 234 266 298 330 362 394 426 458 490 -1 26 58 90 122 154 186 218 250 282 314 346 378 410 442 474 506 -1 18 50 82 114 146 178 210 242 274 306 338 370 402 434 466 498 2 34 66 98 130 162 194 226 258 290 322 354 386 418 450 482 514 -1 8 40 72 104 136 168 200 232 264 296 328 360 392 424 456 488 -1 24 56 88 120 152 184 216 248 280 312 344 376 408 440 472 504 -1 16 48 80 112 144 176 208 240 272 304 336 368 400 432 464 496 0 32 64 96 128 160 192 224 256 288 320 352 384 416 448 480 512 -1 12 44 76 108 140 172 204 236 268 300 332 364 396 428 460 492 -1 28 60 92 124 156 188 220 252 284 316 348 380 412 444 476 508 -1 20 52 84 116 148 180 212 244 276 308 340 372 404 436 468 500 4 36 68 100 132 164 196 228 260 292 324 356 388 420 452 484 -1
6148,0,-1 4 36 68 100 132 164 196 228 260 292 324 356 388 420 452 484 516 548 580 612 644 676 708 740 772 804 836 868 900 932 964 996 1028 1060 1092 1124 1156 1188 1220 1252 1284 1316 1348 1380 1412 1444 1476 1508 1540 1572 1604 1636 1668 1700 1732 1764 1796 1828 1860 1892 1924 1956 1988 2020 2052 2084 2116 2148 2180 2212 2244 2276 2308 2340 2372 2404 2436 2468 2500 2532 2564 2596 2628 2660 2692 2724 2756 2788 2820 2852 2884 2916 2948 2980 3012 3044 3076 3108 3140 3172 3204 3236 3268 3300 3332 3364 3396 3428 3460 3492 3524 3556 3588 3620 3652 3684 3716 3748 3780 3812 3844 3876 3908 3940 3972 4004 4036 4068 4100 4132 4164 4196 4228 4260 4292 4324 4356 4388 4420 4452 4484 4516 4548 4580 4612 4644 4676 4708 4740 4772 4804 4836 4868 4900 4932 4964 4996 5028 5060 5092 5124 5156 5188 5220 5252 5284 5316 5348 5380 5412 5444 5476 5508 5540 5572 5604 5636 5668 5700 5732 5764 5796 5828 5860 5892 5924 5956 5988 6020 6052 6084 6116 -1 20 52 84 116 148 180 212 244 276 308 340 372 404 436 468 500 532 564 596 628 660 692 724 756 788 820 852 884 916 948 980 1012 1044 1076 1108 1140 1172 1204 1236 1268 1300 1332 1364 1396 1428 1460 1492 1524 1556 1588 1620 1652 1684 1716 1748 1780 1812 1844 1876 1908 1940 1972 2004 2036 2068 2100 2132 2164 2196 2228 2260 2292 2324 2356 2388 2420 2452 2484 2516 2548 2580 2612 2644 2676 2708 2740 2772 2804 2836 2868 2900 2932 2964 2996 3028 3060 3092 3124 3156 3188 3220 3252 3284 3316 3348 3380 3412 3444 3476 3508 3540 3572 3604 3636 3668 3700 3732 3764 3796 3828 3860 3892 3924 3956 3988 4020 4052 4084 4116 4148 4180 4212 4244 4276 4308 4340 4372 4404 4436 4468 4500 4532 4564 4596 4628 4660 4692 4724 4756 4788 4820 4852 4884 4916 4948 4980 5012 5044 5076 5108 5140 5172 5204 5236 5268 5300 5332 5364 5396 5428 5460 5492 5524 5556 5588 5620 5652 5684 5716 5748 5780 5812 5844 5876 5908 5940 5972 6004 6036 6068 6100 6132 -1 12 44 76 108 140 172 204 236 268 300 332 364 396 428 460 492 524 556 588 620 652 684 716 748 780 812 844 876 908 940 972 1004 1036 1068 1100 1132 1164 1196 1228 1260 1292 1324 1356 1388 1420 1452 1484 1516 1548 1580 1612 1644 1676 1708 1740 1772 1804 1836 1868 1900 1932 1964 1996 2028 2060 2092 2124 2156 2188 2220 2252 2284 2316 2348 2380 2412 2444 2476 2508 2540 2572 2604 2636 2668 2700 2732 2764 2796 2828 2860 2892 2924 2956 2988 3020 3052 3084 3116 3148 3180 3212 3244 3276 3308 3340 3372 3404 3436 3468 3500 3532 3564 3596 3628 3660 3692 3724 3756 3788 3820 3852 3884 3916 3948 3980 4012 4044 4076 4108 4140 4172 4204 4236 4268 4300 4332 4364 4396 4428 4460 4492 4524 4556 4588 4620 4652 4684 4716 4748 4780 4812 4844 4876 4908 4940 4972 5004 5036 5068 5100 5132 5164 5196 5228 5260 5292 5324 5356 5388 5420 5452 5484 5516 5548 5580 5612 5644 5676 5708 5740 5772 5804 5836 5868 5900 5932 5964 5996 6028 6060 6092 6124 -1 28 60 92 124 156 188 220 252 284 316 348 380 412 444 476 508 540 572 604 636 668 700 732 764 796 828 860 892 924 956 988 1020 1052 1084 1116 1148 1180 1212 1244 1276 1308 1340 1372 1404 1436 1468 1500 1532 1564 1596 1628 1660 1692 1724 1756 1788 1820 1852 1884 1916 1948 1980 2012 2044 2076 2108 2140 2172 2204 2236 2268 2300 2332 2364 2396 2428 2460 2492 2524 2556 2588 2620 2652 2684 2716 2748 2780 2812 2844 2876 2908 2940 2972 3004 3036 3068 3100 3132 3164 3196 3228 3260 3292 3324 3356 3388 3420 3452 3484 3516 3548 3580 3612 3644 3676 3708 3740 3772 3804 3836 3868 3900 3932 3964 3996 4028 4060 4092 4124 4156 4188 4220 4252 4284 4316 4348 4380 4412 4444 4476 4508 4540 4572 4604 4636 4668 4700 4732 4764 4796 4828 4860 4892 4924 4956 4988 5020 5052 5084 5116 5148 5180 5212 5244 5276 5308 5340 5372 5404 5436 5468 5500 5532 5564 5596 5628 5660 5692 5724 5756 5788 5820 5852 5884 5916 5948 5980 6012 6044 6076 6108 6140 -1 8 40 72 104 136 168 200 232 264 296 328 360 392 424 456 488 520 552 584 616 648 680 712 744 776 808 840 872 904 936 968 1000 1032 1064 1096 1128 1160 1192 1224 1256 1288 1320 1352 1384 1416 1448 1480 1512 1544 1576 1608 1640 1672 1704 1736 1768 1800 1832 1864 1896 1928 1960 1992 2024 2056 2088 2120 2152 2184 2216 2248 2280 2312 2344 2376 2408 2440 2472 2504 2536 2568 2600 2632 2664 2696 2728 2760 2792 2824 2856 2888 2920 2952 2984 3016 3048 3080 3112 3144 3176 3208 3240 3272 3304 3336 3368 3400 3432 3464 3496 3528 3560 3592 3624 3656 3688 3720 3752 3784 3816 3848 3880 3912 3944 3976 4008 4040 4072 4104 4136 4168 4200 4232 4264 4296 4328 4360 4392 4424 4456 4488 4520 4552 4584 4616 4648 4680 4712 4744 4776 4808 4840 4872 4904 4936 4968 5000 5032 5064 5096 5128 5160 5192 5224 5256 5288 5320 5352 5384 5416 5448 5480 5512 5544 5576 5608 5640 5672 5704 5736 5768 5800 5832 5864 5896 5928 5960 5992 6024 6056 6088 6120 -1 24 56 88 120 152 184 216 248 280 312 344 376 408 440 472 504 536 568 600 632 664 696 728 760 792 824 856 888 920 952 984 1016 1048 1080 1112 1144 1176 1208 1240 1272 1304 1336 1368 1400 1432 1464 1496 1528 1560 1592 1624 1656 1688 1720 1752 1784 1816 1848 1880 1912 1944 1976 2008 2040 2072 2104 2136 2168 2200 2232 2264 2296 2328 2360 2392 2424 2456 2488 2520 2552 2584 2616 2648 2680 2712 2744 2776 2808 2840 2872 2904 2936 2968 3000 3032 3064 3096 3128 3160 3192 3224 3256 3288 3320 3352 3384 3416 3448 3480 3512 3544 3576 3608 3640 3672 3704 3736 3768 3800 3832 3864 3896 3928 3960 3992 4024 4056 4088 4120 4152 4184 4216 4248 4280 4312 4344 4376 4408 4440 4472 4504 4536 4568 4600 4632 4664 4696 4728 4760 4792 4824 4856 4888 4920 4952 4984 5016 5048 5080 5112 5144 5176 5208 5240 5272 5304 5336 5368 5400 5432 5464 5496 5528 5560 5592 5624 5656 5688 5720 5752 5784 5816 5848 5880 5912 5944 5976 6008 6040 6072 6104 6136 -1 16 48 80 112 144 176 208 240 272 304 336 368 400 432 464 496 528 560 592 624 656 688 720 752 784 816 848 880 912 944 976 1008 1040 1072 1104 1136 1168 1200 1232 1264 1296 1328 1360 1392 1424 1456 1488 1520 1552 1584 1616 1648 1680 1712 1744 1776 1808 1840 1872 1904 1936 1968 2000 2032 2064 2096 2128 2160 2192 2224 2256 2288 2320 2352 2384 2416 2448 2480 2512 2544 2576 2608 2640 2672 2704 2736 2768 2800 2832 2864 2896 2928 2960 2992 3024 3056 3088 3120 3152 3184 3216 3248 3280 3312 3344 3376 3408 3440 3472 3504 3536 3568 3600 3632 3664 3696 3728 3760 3792 3824 3856 3888 3920 3952 3984 4016 4048 4080 4112 4144 4176 4208 4240 4272 4304 4336 4368 4400 4432 4464 4496 4528 4560 4592 4624 4656 4688 4720 4752 4784 4816 4848 4880 4912 4944 4976 5008 5040 5072 5104 5136 5168 5200 5232 5264 5296 5328 5360 5392 5424 5456 5488 5520 5552 5584 5616 5648 5680 5712 5744 5776 5808 5840 5872 5904 5936 5968 6000 6032 6064 6096 6128 0 32 64 96 128 160 192 224 256 288 320 352 384 416 448 480 512 544 576 608 640 672 704 736 768 800 832 864 896 928 960 992 1024 1056 1088 1120 1152 1184 1216 1248 1280 1312 1344 1376 1408 1440 1472 1504 1536 1568 1600 1632 1664 1696 1728 1760 1792 1824 1856 1888 1920 1952 1984 2016 2048 2080 2112 2144 2176 2208 2240 2272 2304 2336 2368 2400 2432 2464 2496 2528 2560 2592 2624 2656 2688 2720 2752 2784 2816 2848 2880 2912 2944 2976 3008 3040 3072 3104 3136 3168 3200 3232 3264 3296 3328 3360 3392 3424 3456 3488 3520 3552 3584 3616 3648 3680 3712 3744 3776 3808 3840 3872 3904 3936 3968 4000 4032 4064 4096 4128 4160 4192 4224 4256 4288 4320 4352 4384 4416 4448 4480 4512 4544 4576 4608 4640 4672 4704 4736 4768 4800 4832 4864 4896 4928 4960 4992 5024 5056 5088 5120 5152 5184 5216 5248 5280 5312 5344 5376 5408 5440 5472 5504 5536 5568 5600 5632 5664 5696 5728 5760 5792 5824 5856 5888 5920 5952 5984 6016 6048 6080 6112 6144 -1 6 38 70 102 134 166 198 230 262 294 326 358 390 422 454 486 518 550 582 614 646 678 710 742 774 806 838 870 902 934 966 998 1030 1062 1094 1126 1158 1190 1222 1254 1286 1318 1350 1382 1414 1446 1478 1510 1542 1574 1606 1638 1670 1702 1734 1766 1798 1830 1862 1894 1926 1958 1990 2022 2054 2086 2118 2150 2182 2214 2246 2278 2310 2342 2374 2406 2438 2470 2502 2534 2566 2598 2630 2662 2694 2726 2758 2790 2822 2854 2886 2918 2950 2982 3014 3046 3078 3110 3142 3174 3206 3238 3270 3302 3334 3366 3398 3430 3462 3494 3526 3558 3590 3622 3654 3686 3718 3750 3782 3814 3846 3878 3910 3942 3974 4006 4038 4070 4102 4134 4166 4198 4230 4262 4294 4326 4358 4390 4422 4454 4486 4518 4550 4582 4614 4646 4678 4710 4742 4774 4806 4838 4870 4902 4934 4966 4998 5030 5062 5094 5126 5158 5190 5222 5254 5286 5318 5350 5382 5414 5446 5478 5510 5542 5574 5606 5638 5670 5702 5734 5766 5798 5830 5862 5894 5926 5958 5990 6022 6054 6086 6118 -1 22 54 86 118 150 182 214 246 278 310 342 374 406 438 470 502 534 566 598 630 662 694 726 758 790 822 854 886 918 950 982 1014 1046 1078 1110 1142 1174 1206 1238 1270 1302 1334 1366 1398 1430 1462 1494 1526 1558 1590 1622 1654 1686 1718 1750 1782 1814 1846 1878 1910 1942 1974 2006 2038 2070 2102 2134 2166 2198 2230 2262 2294 2326 2358 2390 2422 2454 2486 2518 2550 2582 2614 2646 2678 2710 2742 2774 2806 2838 2870 2902 2934 2966 2998 3030 3062 3094 3126 3158 3190 3222 3254 3286 3318 3350 3382 3414 3446 3478 3510 3542 3574 3606 3638 3670 3702 3734 3766 3798 3830 3862 3894 3926 3958 3990 4022 4054 4086 4118 4150 4182 4214 4246 4278 4310 4342 4374 4406 4438 4470 4502 4534 4566 4598 4630 4662 4694 4726 4758 4790 4822 4854 4886 4918 4950 4982 5014 5046 5078 5110 5142 5174 5206 5238 5270 5302 5334 5366 5398 5430 5462 5494 5526 5558 5590 5622 5654 5686 5718 5750 5782 5814 5846 5878 5910 5942 5974 6006 6038 6070 6102 6134 -1 14 46 78 110 142 174 206 238 270 302 334 366 398 430 462 494 526 558 590 622 654 686 718 750 782 814 846 878 910 942 974 1006 1038 1070 1102 1134 1166 1198 1230 1262 1294 1326 1358 1390 1422 1454 1486 1518 1550 1582 1614 1646 1678 1710 1742 1774 1806 1838 1870 1902 1934 1966 1998 2030 2062 2094 2126 2158 2190 2222 2254 2286 2318 2350 2382 2414 2446 2478 2510 2542 2574 2606 2638 2670 2702 2734 2766 2798 2830 2862 2894 2926 2958 2990 3022 3054 3086 3118 3150 3182 3214 3246 3278 3310 3342 3374 3406 3438 3470 3502 3534 3566 3598 3630 3662 3694 3726 3758 3790 3822 3854 3886 3918 3950 3982 4014 4046 4078 4110 4142 4174 4206 4238 4270 4302 4334 4366 4398 4430 4462 4494 4526 4558 4590 4622 4654 4686 4718 4750 4782 4814 4846 4878 4910 4942 4974 5006 5038 5070 5102 5134 5166 5198 5230 5262 5294 5326 5358 5390 5422 5454 5486 5518 5550 5582 5614 5646 5678 5710 5742 5774 5806 5838 5870 5902 5934 5966 5998 6030 6062 6094 6126 -1 30 62 94 126 158 190 222 254 286 318 350 382 414 446 478 510 542 574 606 638 670 702 734 766 798 830 862 894 926 958 990 1022 1054 1086 1118 1150 1182 1214 1246 1278 1310 1342 1374 1406 1438 1470 1502 1534 1566 1598 1630 1662 1694 1726 1758 1790 1822 1854 1886 1918 1950 1982 2014 2046 2078 2110 2142 2174 2206 2238 2270 2302 2334 2366 2398 2430 2462 2494 2526 2558 2590 2622 2654 2686 2718 2750 2782 2814 2846 2878 2910 2942 2974 3006 3038 3070 3102 3134 3166 3198 3230 3262 3294 3326 3358 3390 3422 3454 3486 3518 3550 3582 3614 3646 3678 3710 3742 3774 3806 3838 3870 3902 3934 3966 3998 4030 4062 4094 4126 4158 4190 4222 4254 4286 4318 4350 4382 4414 4446 4478 4510 4542 4574 4606 4638 4670 4702 4734 4766 4798 4830 4862 4894 4926 4958 4990 5022 5054 5086 5118 5150 5182 5214 5246 5278 5310 5342 5374 5406 5438 5470 5502 5534 5566 5598 5630 5662 5694 5726 5758 5790 5822 5854 5886 5918 5950 5982 6014 6046 6078 6110 6142 -1 10 42 74 106 138 170 202 234 266 298 330 362 394 426 458 490 522 554 586 618 650 682 714 746 778 810 842 874 906 938 970 1002 1034 1066 1098 1130 1162 1194 1226 1258 1290 1322 1354 1386 1418 1450 1482 1514 1546 1578 1610 1642 1674 1706 1738 1770 1802 1834 1866 1898 1930 1962 1994 2026 2058 2090 2122 2154 2186 2218 2250 2282 2314 2346 2378 2410 2442 2474 2506 2538 2570 2602 2634 2666 2698 2730 2762 2794 2826 2858 2890 2922 2954 2986 3018 3050 3082 3114 3146 3178 3210 3242 3274 3306 3338 3370 3402 3434 3466 3498 3530 3562 3594 3626 3658 3690 3722 3754 3786 3818 3850 3882 3914 3946 3978 4010 4042 4074 4106 4138 4170 4202 4234 4266 4298 4330 4362 4394 4426 4458 4490 4522 4554 4586 4618 4650 4682 4714 4746 4778 4810 4842 4874 4906 4938 4970 5002 5034 5066 5098 5130 5162 5194 5226 5258 5290 5322 5354 5386 5418 5450 5482 5514 5546 5578 5610 5642 5674 5706 5738 5770 5802 5834 5866 5898 5930 5962 5994 6026 6058 6090 6122 -1 26 58 90 122 154 186 218 250 282 314 346 378 410 442 474 506 538 570 602 634 666 698 730 762 794 826 858 890 922 954 986 1018 1050 1082 1114 1146 1178 1210 1242 1274 1306 1338 1370 1402 1434 1466 1498 1530 1562 1594 1626 1658 1690 1722 1754 1786 1818 1850 1882 1914 1946 1978 2010 2042 2074 2106 2138 2170 2202 2234 2266 2298 2330 2362 2394 2426 2458 2490 2522 2554 2586 2618 2650 2682 2714 2746 2778 2810 2842 2874 2906 2938 2970 3002 3034 3066 3098 3130 3162 3194 3226 3258 3290 3322 3354 3386 3418 3450 3482 3514 3546 3578 3610 3642 3674 3706 3738 3770 3802 3834 3866 3898 3930 3962 3994 4026 4058 4090 4122 4154 4186 4218 4250 4282 4314 4346 4378 4410 4442 4474 4506 4538 4570 4602 4634 4666 4698 4730 4762 4794 4826 4858 4890 4922 4954 4986 5018 5050 5082 5114 5146 5178 5210 5242 5274 5306 5338 5370 5402 5434 5466 5498 5530 5562 5594 5626 5658 5690 5722 5754 5786 5818 5850 5882 5914 5946 5978 6010 6042 6074 6106 6138 -1 18 50 82 114 146 178 210 242 274 306 338 370 402 434 466 498 530 562 594 626 658 690 722 754 786 818 850 882 914 946 978 1010 1042 1074 1106 1138 1170 1202 1234 1266 1298 1330 1362 1394 1426 1458 1490 1522 1554 1586 1618 1650 1682 1714 1746 1778 1810 1842 1874 1906 1938 1970 2002 2034 2066 2098 2130 2162 2194 2226 2258 2290 2322 2354 2386 2418 2450 2482 2514 2546 2578 2610 2642 2674 2706 2738 2770 2802 2834 2866 2898 2930 2962 2994 3026 3058 3090 3122 3154 3186 3218 3250 3282 3314 3346 3378 3410 3442 3474 3506 3538 3570 3602 3634 3666 3698 3730 3762 3794 3826 3858 3890 3922 3954 3986 4018 4050 4082 4114 4146 4178 4210 4242 4274 4306 4338 4370 4402 4434 4466 4498 4530 4562 4594 4626 4658 4690 4722 4754 4786 4818 4850 4882 4914 4946 4978 5010 5042 5074 5106 5138 5170 5202 5234 5266 5298 5330 5362 5394 5426 5458 5490 5522 5554 5586 5618 5650 5682 5714 5746 5778 5810 5842 5874 5906 5938 5970 6002 6034 6066 6098 6130 2 34 66 98 130 162 194 226 258 290 322 354 386 418 450 482 514 546 578 610 642 674 706 738 770 802 834 866 898 930 962 994 1026 1058 1090 1122 1154 1186 1218 1250 1282 1314 1346 1378 1410 1442 1474 1506 1538 1570 1602 1634 1666 1698 1730 1762 1794 1826 1858 1890 1922 1954 1986 2018 2050 2082 2114 2146 2178 2210 2242 2274 2306 2338 2370 2402 2434 2466 2498 2530 2562 2594 2626 2658 2690 2722 2754 2786 2818 2850 2882 2914 2946 2978 3010 3042 3074 3106 3138 3170 3202 3234 3266 3298 3330 3362 3394 3426 3458 3490 3522 3554 3586 3618 3650 3682 3714 3746 3778 3810 3842 3874 3906 3938 3970 4002 4034 4066 4098 4130 4162 4194 4226 4258 4290 4322 4354 4386 4418 4450 4482 4514 4546 4578 4610 4642 4674 4706 4738 4770 4802 4834 4866 4898 4930 4962 4994 5026 5058 5090 5122 5154 5186 5218 5250 5282 5314 5346 5378 5410 5442 5474 5506 5538 5570 5602 5634 5666 5698 5730 5762 5794 5826 5858 5890 5922 5954 5986 6018 6050 6082 6114 6146 -1 5 37 69 101 133 165 197 229 261 293 325 357 389 421 453 485 517 549 581 613 645 677 709 741 773 805 837 869 901 933 965 997 1029 1061 1093 1125 1157 1189 1221 1253 1285 1317 1349 1381 1413 1445 1477 1509 1541 1573 1605 1637 1669 1701 1733 1765 1797 1829 1861 1893 1925 1957 1989 2021 2053 2085 2117 2149 2181 2213 2245 2277 2309 2341 2373 2405 2437 2469 2501 2533 2565 2597 2629 2661 2693 2725 2757 2789 2821 2853 2885 2917 2949 2981 3013 3045 3077 3109 3141 3173 3205 3237 3269 3301 3333 3365 3397 3429 3461 3493 3525 3557 3589 3621 3653 3685 3717 3749 3781 3813 3845 3877 3909 3941 3973 4005 4037 4069 4101 4133 4165 4197 4229 4261 4293 4325 4357 4389 4421 4453 4485 4517 4549 4581 4613 4645 4677 4709 4741 4773 4805 4837 4869 4901 4933 4965 4997 5029 5061 5093 5125 5157 5189 5221 5253 5285 5317 5349 5381 5413 5445 5477 5509 5541 5573 5605 5637 5669 5701 5733 5765 5797 5829 5861 5893 5925 5957 5989 6021 6053 6085 6117 -1 21 53 85 117 149 181 213 245 277 309 341 373 405 437 469 501 533 565 597 629 661 693 725 757 789 821 853 885 917 949 981 1013 1045 1077 1109 1141 1173 1205 1237 1269 1301 1333 1365 1397 1429 1461 1493 1525 1557 1589 1621 1653 1685 1717 1749 1781 1813 1845 1877 1909 1941 1973 2005 2037 2069 2101 2133 2165 2197 2229 2261 2293 2325 2357 2389 2421 2453 2485 2517 2549 2581 2613 2645 2677 2709 2741 2773 2805 2837 2869 2901 2933 2965 2997 3029 3061 3093 3125 3157 3189 3221 3253 3285 3317 3349 3381 3413 3445 3477 3509 3541 3573 3605 3637 3669 3701 3733 3765 3797 3829 3861 3893 3925 3957 3989 4021 4053 4085 4117 4149 4181 4213 4245 4277 4309 4341 4373 4405 4437 4469 4501 4533 4565 4597 4629 4661 4693 4725 4757 4789 4821 4853 4885 4917 4949 4981 5013 5045 5077 5109 5141 5173 5205 5237 5269 5301 5333 5365 5397 5429 5461 5493 5525 5557 5589 5621 5653 5685 5717 5749 5781 5813 5845 5877 5909 5941 5973 6005 6037 6069 6101 6133 -1 13 45 77 109 141 173 205 237 269 301 333 365 397 429 461 493 525 557 589 621 653 685 717 749 781 813 845 877 909 941 973 1005 1037 1069 1101 1133 1165 1197 1229 1261 1293 1325 1357 1389 1421 1453 1485 1517 1549 1581 1613 1645 1677 1709 1741 1773 1805 1837 1869 1901 1933 1965 1997 2029 2061 2093 2125 2157 2189 2221 2253 2285 2317 2349 2381 2413 2445 2477 2509 2541 2573 2605 2637 2669 2701 2733 2765 2797 2829 2861 2893 2925 2957 2989 3021 3053 3085 3117 3149 3181 3213 3245 3277 3309 3341 3373 3405 3437 3469 3501 3533 3565 3597 3629 3661 3693 3725 3757 3789 3821 3853 3885 3917 3949 3981 4013 4045 4077 4109 4141 4173 4205 4237 4269 4301 4333 4365 4397 4429 4461 4493 4525 4557 4589 4621 4653 4685 4717 4749 4781 4813 4845 4877 4909 4941 4973 5005 5037 5069 5101 5133 5165 5197 5229 5261 5293 5325 5357 5389 5421 5453 5485 5517 5549 5581 5613 5645 5677 5709 5741 5773 5805 5837 5869 5901 5933 5965 5997 6029 6061 6093 6125 -1 29 61 93 125 157 189 221 253 285 317 349 381 413 445 477 509 541 573 605 637 669 701 733 765 797 829 861 893 925 957 989 1021 1053 1085 1117 1149 1181 1213 1245 1277 1309 1341 1373 1405 1437 1469 1501 1533 1565 1597 1629 1661 1693 1725 1757 1789 1821 1853 1885 1917 1949 1981 2013 2045 2077 2109 2141 2173 2205 2237 2269 2301 2333 2365 2397 2429 2461 2493 2525 2557 2589 2621 2653 2685 2717 2749 2781 2813 2845 2877 2909 2941 2973 3005 3037 3069 3101 3133 3165 3197 3229 3261 3293 3325 3357 3389 3421 3453 3485 3517 3549 3581 3613 3645 3677 3709 3741 3773 3805 3837 3869 3901 3933 3965 3997 4029 4061 4093 4125 4157 4189 4221 4253 4285 4317 4349 4381 4413 4445 4477 4509 4541 4573 4605 4637 4669 4701 4733 4765 4797 4829 4861 4893 4925 4957 4989 5021 5053 5085 5117 5149 5181 5213 5245 5277 5309 5341 5373 5405 5437 5469 5501 5533 5565 5597 5629 5661 5693 5725 5757 5789 5821 5853 5885 5917 5949 5981 6013 6045 6077 6109 6141 -1 9 41 73 105 137 169 201 233 265 297 329 361 393 425 457 489 521 553 585 617 649 681 713 745 777 809 841 873 905 937 969 1001 1033 1065 1097 1129 1161 1193 1225 1257 1289 1321 1353 1385 1417 1449 1481 1513 1545 1577 1609 1641 1673 1705 1737 1769 1801 1833 1865 1897 1929 1961 1993 2025 2057 2089 2121 2153 2185 2217 2249 2281 2313 2345 2377 2409 2441 2473 2505 2537 2569 2601 2633 2665 2697 2729 2761 2793 2825 2857 2889 2921 2953 2985 3017 3049 3081 3113 3145 3177 3209 3241 3273 3305 3337 3369 3401 3433 3465 3497 3529 3561 3593 3625 3657 3689 3721 3753 3785 3817 3849 3881 3913 3945 3977 4009 4041 4073 4105 4137 4169 4201 4233 4265 4297 4329 4361 4393 4425 4457 4489 4521 4553 4585 4617 4649 4681 4713 4745 4777 4809 4841 4873 4905 4937 4969 5001 5033 5065 5097 5129 5161 5193 5225 5257 5289 5321 5353 5385 5417 5449 5481 5513 5545 5577 5609 5641 5673 5705 5737 5769 5801 5833 5865 5897 5929 5961 5993 6025 6057 6089 6121 -1 25 57 89 121 153 185 217 249 281 313 345 377 409 441 473 505 537 569 601 633 665 697 729 761 793 825 857 889 921 953 985 1017 1049 1081 1113 1145 1177 1209 1241 1273 1305 1337 1369 1401 1433 1465 1497 1529 1561 1593 1625 1657 1689 1721 1753 1785 1817 1849 1881 1913 1945 1977 2009 2041 2073 2105 2137 2169 2201 2233 2265 2297 2329 2361 2393 2425 2457 2489 2521 2553 2585 2617 2649 2681 2713 2745 2777 2809 2841 2873 2905 2937 2969 3001 3033 3065 3097 3129 3161 3193 3225 3257 3289 3321 3353 3385 3417 3449 3481 3513 3545 3577 3609 3641 3673 3705 3737 3769 3801 3833 3865 3897 3929 3961 3993 4025 4057 4089 4121 4153 4185 4217 4249 4281 4313 4345 4377 4409 4441 4473 4505 4537 4569 4601 4633 4665 4697 4729 4761 4793 4825 4857 4889 4921 4953 4985 5017 5049 5081 5113 5145 5177 5209 5241 5273 5305 5337 5369 5401 5433 5465 5497 5529 5561 5593 5625 5657 5689 5721 5753 5785 5817 5849 5881 5913 5945 5977 6009 6041 6073 6105 6137 -1 17 49 81 113 145 177 209 241 273 305 337 369 401 433 465 497 529 561 593 625 657 689 721 753 785 817 849 881 913 945 977 1009 1041 1073 1105 1137 1169 1201 1233 1265 1297 1329 1361 1393 1425 1457 1489 1521 1553 1585 1617 1649 1681 1713 1745 1777 1809 1841 1873 1905 1937 1969 2001 2033 2065 2097 2129 2161 2193 2225 2257 2289 2321 2353 2385 2417 2449 2481 2513 2545 2577 2609 2641 2673 2705 2737 2769 2801 2833 2865 2897 2929 2961 2993 3025 3057 3089 3121 3153 3185 3217 3249 3281 3313 3345 3377 3409 3441 3473 3505 3537 3569 3601 3633 3665 3697 3729 3761 3793 3825 3857 3889 3921 3953 3985 4017 4049 4081 4113 4145 4177 4209 4241 4273 4305 4337 4369 4401 4433 4465 4497 4529 4561 4593 4625 4657 4689 4721 4753 4785 4817 4849 4881 4913 4945 4977 5009 5041 5073 5105 5137 5169 5201 5233 5265 5297 5329 5361 5393 5425 5457 5489 5521 5553 5585 5617 5649 5681 5713 5745 5777 5809 5841 5873 5905 5937 5969 6001 6033 6065 6097 6129 1 33 65 97 129 161 193 225 257 289 321 353 385 417 449 481 513 545 577 609 641 673 705 737 769 801 833 865 897 929 961 993 1025 1057 1089 1121 1153 1185 1217 1249 1281 1313 1345 1377 1409 1441 1473 1505 1537 1569 1601 1633 1665 1697 1729 1761 1793 1825 1857 1889 1921 1953 1985 2017 2049 2081 2113 2145 2177 2209 2241 2273 2305 2337 2369 2401 2433 2465 2497 2529 2561 2593 2625 2657 2689 2721 2753 2785 2817 2849 2881 2913 2945 2977 3009 3041 3073 3105 3137 3169 3201 3233 3265 3297 3329 3361 3393 3425 3457 3489 3521 3553 3585 3617 3649 3681 3713 3745 3777 3809 3841 3873 3905 3937 3969 4001 4033 4065 4097 4129 4161 4193 4225 4257 4289 4321 4353 4385 4417 4449 4481 4513 4545 4577 4609 4641 4673 4705 4737 4769 4801 4833 4865 4897 4929 4961 4993 5025 5057 5089 5121 5153 5185 5217 5249 5281 5313 5345 5377 5409 5441 5473 5505 5537 5569 5601 5633 5665 5697 5729 5761 5793 5825 5857 5889 5921 5953 5985 6017 6049 6081 6113 6145 -1 7 39 71 103 135 167 199 231 263 295 327 359 391 423 455 487 519 551 583 615 647 679 711 743 775 807 839 871 903 935 967 999 1031 1063 1095 1127 1159 1191 1223 1255 1287 1319 1351 1383 1415 1447 1479 1511 1543 1575 1607 1639 1671 1703 1735 1767 1799 1831 1863 1895 1927 1959 1991 2023 2055 2087 2119 2151 2183 2215 2247 2279 2311 2343 2375 2407 2439 2471 2503 2535 2567 2599 2631 2663 2695 2727 2759 2791 2823 2855 2887 2919 2951 2983 3015 3047 3079 3111 3143 3175 3207 3239 3271 3303 3335 3367 3399 3431 3463 3495 3527 3559 3591 3623 3655 3687 3719 3751 3783 3815 3847 3879 3911 3943 3975 4007 4039 4071 4103 4135 4167 4199 4231 4263 4295 4327 4359 4391 4423 4455 4487 4519 4551 4583 4615 4647 4679 4711 4743 4775 4807 4839 4871 4903 4935 4967 4999 5031 5063 5095 5127 5159 5191 5223 5255 5287 5319 5351 5383 5415 5447 5479 5511 5543 5575 5607 5639 5671 5703 5735 5767 5799 5831 5863 5895 5927 5959 5991 6023 6055 6087 6119 -1 23 55 87 119 151 183 215 247 279 311 343 375 407 439 471 503 535 567 599 631 663 695 727 759 791 823 855 887 919 951 983 1015 1047 1079 1111 1143 1175 1207 1239 1271 1303 1335 1367 1399 1431 1463 1495 1527 1559 1591 1623 1655 1687 1719 1751 1783 1815 1847 1879 1911 1943 1975 2007 2039 2071 2103 2135 2167 2199 2231 2263 2295 2327 2359 2391 2423 2455 2487 2519 2551 2583 2615 2647 2679 2711 2743 2775 2807 2839 2871 2903 2935 2967 2999 3031 3063 3095 3127 3159 3191 3223 3255 3287 3319 3351 3383 3415 3447 3479 3511 3543 3575 3607 3639 3671 3703 3735 3767 3799 3831 3863 3895 3927 3959 3991 4023 4055 4087 4119 4151 4183 4215 4247 4279 4311 4343 4375 4407 4439 4471 4503 4535 4567 4599 4631 4663 4695 4727 4759 4791 4823 4855 4887 4919 4951 4983 5015 5047 5079 5111 5143 5175 5207 5239 5271 5303 5335 5367 5399 5431 5463 5495 5527 5559 5591 5623 5655 5687 5719 5751 5783 5815 5847 5879 5911 5943 5975 6007 6039 6071 6103 6135 -1 15 47 79 111 143 175 207 239 271 303 335 367 399 431 463 495 527 559 591 623 655 687 719 751 783 815 847 879 911 943 975 1007 1039 1071 1103 1135 1167 1199 1231 1263 1295 1327 1359 1391 1423 1455 1487 1519 1551 1583 1615 1647 1679 1711 1743 1775 1807 1839 1871 1903 1935 1967 1999 2031 2063 2095 2127 2159 2191 2223 2255 2287 2319 2351 2383 2415 2447 2479 2511 2543 2575 2607 2639 2671 2703 2735 2767 2799 2831 2863 2895 2927 2959 2991 3023 3055 3087 3119 3151 3183 3215 3247 3279 3311 3343 3375 3407 3439 3471 3503 3535 3567 3599 3631 3663 3695 3727 3759 3791 3823 3855 3887 3919 3951 3983 4015 4047 4079 4111 4143 4175 4207 4239 4271 4303 4335 4367 4399 4431 4463 4495 4527 4559 4591 4623 4655 4687 4719 4751 4783 4815 4847 4879 4911 4943 4975 5007 5039 5071 5103 5135 5167 5199 5231 5263 5295 5327 5359 5391 5423 5455 5487 5519 5551 5583 5615 5647 5679 5711 5743 5775 5807 5839 5871 5903 5935 5967 5999 6031 6063 6095 6127 -1 31 63 95 127 159 191 223 255 287 319 351 383 415 447 479 511 543 575 607 639 671 703 735 767 799 831 863 895 927 959 991 1023 1055 1087 1119 1151 1183 1215 1247 1279 1311 1343 1375 1407 1439 1471 1503 1535 1567 1599 1631 1663 1695 1727 1759 1791 1823 1855 1887 1919 1951 1983 2015 2047 2079 2111 2143 2175 2207 2239 2271 2303 2335 2367 2399 2431 2463 2495 2527 2559 2591 2623 2655 2687 2719 2751 2783 2815 2847 2879 2911 2943 2975 3007 3039 3071 3103 3135 3167 3199 3231 3263 3295 3327 3359 3391 3423 3455 3487 3519 3551 3583 3615 3647 3679 3711 3743 3775 3807 3839 3871 3903 3935 3967 3999 4031 4063 4095 4127 4159 4191 4223 4255 4287 4319 4351 4383 4415 4447 4479 4511 4543 4575 4607 4639 4671 4703 4735 4767 4799 4831 4863 4895 4927 4959 4991 5023 5055 5087 5119 5151 5183 5215 5247 5279 5311 5343 5375 5407 5439 5471 5503 5535 5567 5599 5631 5663 5695 5727 5759 5791 5823 5855 5887 5919 5951 5983 6015 6047 6079 6111 6143 -1 11 43 75 107 139 171 203 235 267 299 331 363 395 427 459 491 523 555 587 619 651 683 715 747 779 811 843 875 907 939 971 1003 1035 1067 1099 1131 1163 1195 1227 1259 1291 1323 1355 1387 1419 1451 1483 1515 1547 1579 1611 1643 1675 1707 1739 1771 1803 1835 1867 1899 1931 1963 1995 2027 2059 2091 2123 2155 2187 2219 2251 2283 2315 2347 2379 2411 2443 2475 2507 2539 2571 2603 2635 2667 2699 2731 2763 2795 2827 2859 2891 2923 2955 2987 3019 3051 3083 3115 3147 3179 3211 3243 3275 3307 3339 3371 3403 3435 3467 3499 3531 3563 3595 3627 3659 3691 3723 3755 3787 3819 3851 3883 3915 3947 3979 4011 4043 4075 4107 4139 4171 4203 4235 4267 4299 4331 4363 4395 4427 4459 4491 4523 4555 4587 4619 4651 4683 4715 4747 4779 4811 4843 4875 4907 4939 4971 5003 5035 5067 5099 5131 5163 5195 5227 5259 5291 5323 5355 5387 5419 5451 5483 5515 5547 5579 5611 5643 5675 5707 5739 5771 5803 5835 5867 5899 5931 5963 5995 6027 6059 6091 6123 -1 27 59 91 123 155 187 219 251 283 315 347 379 411 443 475 507 539 571 603 635 667 699 731 763 795 827 859 891 923 955 987 1019 1051 1083 1115 1147 1179 1211 1243 1275 1307 1339 1371 1403 1435 1467 1499 1531 1563 1595 1627 1659 1691 1723 1755 1787 1819 1851 1883 1915 1947 1979 2011 2043 2075 2107 2139 2171 2203 2235 2267 2299 2331 2363 2395 2427 2459 2491 2523 2555 2587 2619 2651 2683 2715 2747 2779 2811 2843 2875 2907 2939 2971 3003 3035 3067 3099 3131 3163 3195 3227 3259 3291 3323 3355 3387 3419 3451 3483 3515 3547 3579 3611 3643 3675 3707 3739 3771 3803 3835 3867 3899 3931 3963 3995 4027 4059 4091 4123 4155 4187 4219 4251 4283 4315 4347 4379 4411 4443 4475 4507 4539 4571 4603 4635 4667 4699 4731 4763 4795 4827 4859 4891 4923 4955 4987 5019 5051 5083 5115 5147 5179 5211 5243 5275 5307 5339 5371 5403 5435 5467 5499 5531 5563 5595 5627 5659 5691 5723 5755 5787 5819 5851 5883 5915 5947 5979 6011 6043 6075 6107 6139 -1 19 51 83 115 147 179 211 243 275 307 339 371 403 435 467 499 531 563 595 627 659 691 723 755 787 819 851 883 915 947 979 1011 1043 1075 1107 1139 1171 1203 1235 1267 1299 1331 1363 1395 1427 1459 1491 1523 1555 1587 1619 1651 1683 1715 1747 1779 1811 1843 1875 1907 1939 1971 2003 2035 2067 2099 2131 2163 2195 2227 2259 2291 2323 2355 2387 2419 2451 2483 2515 2547 2579 2611 2643 2675 2707 2739 2771 2803 2835 2867 2899 2931 2963 2995 3027 3059 3091 3123 3155 3187 3219 3251 3283 3315 3347 3379 3411 3443 3475 3507 3539 3571 3603 3635 3667 3699 3731 3763 3795 3827 3859 3891 3923 3955 3987 4019 4051 4083 4115 4147 4179 4211 4243 4275 4307 4339 4371 4403 4435 4467 4499 4531 4563 4595 4627 4659 4691 4723 4755 4787 4819 4851 4883 4915 4947 4979 5011 5043 5075 5107 5139 5171 5203 5235 5267 5299 5331 5363 5395 5427 5459 5491 5523 5555 5587 5619 5651 5683 5715 5747 5779 5811 5843 5875 5907 5939 5971 6003 6035 6067 6099 6131 3 35 67 99 131 163 195 227 259 291 323 355 387 419 451 483 515 547 579 611 643 675 707 739 771 803 835 867 899 931 963 995 1027 1059 1091 1123 1155 1187 1219 1251 1283 1315 1347 1379 1411 1443 1475 1507 1539 1571 1603 1635 1667 1699 1731 1763 1795 1827 1859 1891 1923 1955 1987 2019 2051 2083 2115 2147 2179 2211 2243 2275 2307 2339 2371 2403 2435 2467 2499 2531 2563 2595 2627 2659 2691 2723 2755 2787 2819 2851 2883 2915 2947 2979 3011 3043 3075 3107 3139 3171 3203 3235 3267 3299 3331 3363 3395 3427 3459 3491 3523 3555 3587 3619 3651 3683 3715 3747 3779 3811 3843 3875 3907 3939 3971 4003 4035 4067 4099 4131 4163 4195 4227 4259 4291 4323 4355 4387 4419 4451 4483 4515 4547 4579 4611 4643 4675 4707 4739 4771 4803 4835 4867 4899 4931 4963 4995 5027 5059 5091 5123 5155 5187 5219 5251 5283 5315 5347 5379 5411 5443 5475 5507 5539 5571 5603 5635 5667 5699 5731 5763 5795 5827 5859 5891 5923 5955 5987 6019 6051 6083 6115 6147
6148,2,-1 5 37 69 101 133 165 197 229 261 293 325 357 389 421 453 485 517 549 581 613 645 677 709 741 773 805 837 869 901 933 965 997 1029 1061 1093 1125 1157 1189 1221 1253 1285 1317 1349 1381 1413 1445 1477 1509 1541 1573 1605 1637 1669 1701 1733 1765 1797 1829 1861 1893 1925 1957 1989 2021 2053 2085 2117 2149 2181 2213 2245 2277 2309 2341 2373 2405 2437 2469 2501 2533 2565 2597 2629 2661 2693 2725 2757 2789 2821 2853 2885 2917 2949 2981 3013 3045 3077 3109 3141 3173 3205 3237 3269 3301 3333 3365 3397 3429 3461 3493 3525 3557 3589 3621 3653 3685 3717 3749 3781 3813 3845 3877 3909 3941 3973 4005 4037 4069 4101 4133 4165 4197 4229 4261 4293 4325 4357 4389 4421 4453 4485 4517 4549 4581 4613 4645 4677 4709 4741 4773 4805 4837 4869 4901 4933 4965 4997 5029 5061 5093 5125 5157 5189 5221 5253 5285 5317 5349 5381 5413 5445 5477 5509 5541 5573 5605 5637 5669 5701 5733 5765 5797 5829 5861 5893 5925 5957 5989 6021 6053 6085 6117 -1 21 53 85 117 149 181 213 245 277 309 341 373 405 437 469 501 533 565 597 629 661 693 725 757 789 821 853 885 917 949 981 1013 1045 1077 1109 1141 1173 1205 1237 1269 1301 1333 1365 1397 1429 1461 1493 1525 1557 1589 1621 1653 1685 1717 1749 1781 1813 1845 1877 1909 1941 1973 2005 2037 2069 2101 2133 2165 2197 2229 2261 2293 2325 2357 2389 2421 2453 2485 2517 2549 2581 2613 2645 2677 2709 2741 2773 2805 2837 2869 2901 2933 2965 2997 3029 3061 3093 3125 3157 3189 3221 3253 3285 3317 3349 3381 3413 3445 3477 3509 3541 3573 3605 3637 3669 3701 3733 3765 3797 3829 3861 3893 3925 3957 3989 4021 4053 4085 4117 4149 4181 4213 4245 4277 4309 4341 4373 4405 4437 4469 4501 4533 4565 4597 4629 4661 4693 4725 4757 4789 4821 4853 4885 4917 4949 4981 5013 5045 5077 5109 5141 5173 5205 5237 5269 5301 5333 5365 5397 5429 5461 5493 5525 5557 5589 5621 5653 5685 5717 5749 5781 5813 5845 5877 5909 5941 5973 6005 6037 6069 6101 6133 -1 13 45 77 109 141 173 205 237 269 301 333 365 397 429 461 493 525 557 589 621 653 685 717 749 781 813 845 877 909 941 973 1005 1037 1069 1101 1133 1165 1197 1229 1261 1293 1325 1357 1389 1421 1453 1485 1517 1549 1581 1613 1645 1677 1709 1741 1773 1805 1837 1869 1901 1933 1965 1997 2029 2061 2093 2125 2157 2189 2221 2253 2285 2317 2349 2381 2413 2445 2477 2509 2541 2573 2605 2637 2669 2701 2733 2765 2797 2829 2861 2893 2925 2957 2989 3021 3053 3085 3117 3149 3181 3213 3245 3277 3309 3341 3373 3405 3437 3469 3501 3533 3565 3597 3629 3661 3693 3725 3757 3789 3821 3853 3885 3917 3949 3981 4013 4045 4077 4109 4141 4173 4205 4237 4269 4301 4333 4365 4397 4429 4461 4493 4525 4557 4589 4621 4653 4685 4717 4749 4781 4813 4845 4877 4909 4941 4973 5005 5037 5069 5101 5133 5165 5197 5229 5261 5293 5325 5357 5389 5421 5453 5485 5517 5549 5581 5613 5645 5677 5709 5741 5773 5805 5837 5869 5901 5933 5965 5997 6029 6061 6093 6125 -1 29 61 93 125 157 189 221 253 285 317 349 381 413 445 477 509 541 573 605 637 669 701 733 765 797 829 861 893 925 957 989 1021 1053 1085 1117 1149 1181 1213 1245 1277 1309 1341 1373 1405 1437 1469 1501 1533 1565 1597 1629 1661 1693 1725 1757 1789 1821 1853 1885 1917 1949 1981 2013 2045 2077 2109 2141 2173 2205 2237 2269 2301 2333 2365 2397 2429 2461 2493 2525 2557 2589 2621 2653 2685 2717 2749 2781 2813 2845 2877 2909 2941 2973 3005 3037 3069 3101 3133 3165 3197 3229 3261 3293 3325 3357 3389 3421 3453 3485 3517 3549 3581 3613 3645 3677 3709 3741 3773 3805 3837 3869 3901 3933 3965 3997 4029 4061 4093 4125 4157 4189 4221 4253 4285 4317 4349 4381 4413 4445 4477 4509 4541 4573 4605 4637 4669 4701 4733 4765 4797 4829 4861 4893 4925 4957 4989 5021 5053 5085 5117 5149 5181 5213 5245 5277 5309 5341 5373 5405 5437 5469 5501 5533 5565 5597 5629 5661 5693 5725 5757 5789 5821 5853 5885 5917 5949 5981 6013 6045 6077 6109 6141 -1 9 41 73 105 137 169 201 233 265 297 329 361 393 425 457 489 521 553 585 617 649 681 713 745 777 809 841 873 905 937 969 1001 1033 1065 1097 1129 1161 1193 1225 1257 1289 1321 1353 1385 1417 1449 1481 1513 1545 1577 1609 1641 1673 1705 1737 1769 1801 1833 1865 1897 1929 1961 1993 2025 2057 2089 2121 2153 2185 2217 2249 2281 2313 2345 2377 2409 2441 2473 2505 2537 2569 2601 2633 2665 2697 2729 2761 2793 2825 2857 2889 2921 2953 2985 3017 3049 3081 3113 3145 3177 3209 3241 3273 3305 3337 3369 3401 3433 3465 3497 3529 3561 3593 3625 3657 3689 3721 3753 3785 3817 3849 3881 3913 3945 3977 4009 4041 4073 4105 4137 4169 4201 4233 4265 4297 4329 4361 4393 4425 4457 4489 4521 4553 4585 4617 4649 4681 4713 4745 4777 4809 4841 4873 4905 4937 4969 5001 5033 5065 5097 5129 5161 5193 5225 5257 5289 5321 5353 5385 5417 5449 5481 5513 5545 5577 5609 5641 5673 5705 5737 5769 5801 5833 5865 5897 5929 5961 5993 6025 6057 6089 6121 -1 25 57 89 121 153 185 217 249 281 313 345 377 409 441 473 505 537 569 601 633 665 697 729 761 793 825 857 889 921 953 985 1017 1049 1081 1113 1145 1177 1209 1241 1273 1305 1337 1369 1401 1433 1465 1497 1529 1561 1593 1625 1657 1689 1721 1753 1785 1817 1849 1881 1913 1945 1977 2009 2041 2073 2105 2137 2169 2201 2233 2265 2297 2329 2361 2393 2425 2457 2489 2521 2553 2585 2617 2649 2681 2713 2745 2777 2809 2841 2873 2905 2937 2969 3001 3033 3065 3097 3129 3161 3193 3225 3257 3289 3321 3353 3385 3417 3449 3481 3513 3545 3577 3609 3641 3673 3705 3737 3769 3801 3833 3865 3897 3929 3961 3993 4025 4057 4089 4121 4153 4185 4217 4249 4281 4313 4345 4377 4409 4441 4473 4505 4537 4569 4601 4633 4665 4697 4729 4761 4793 4825 4857 4889 4921 4953 4985 5017 5049 5081 5113 5145 5177 5209 5241 5273 5305 5337 5369 5401 5433 5465 5497 5529 5561 5593 5625 5657 5689 5721 5753 5785 5817 5849 5881 5913 5945 5977 6009 6041 6073 6105 6137 -1 17 49 81 113 145 177 209 241 273 305 337 369 401 433 465 497 529 561 593 625 657 689 721 753 785 817 849 881 913 945 977 1009 1041 1073 1105 1137 1169 1201 1233 1265 1297 1329 1361 1393 1425 1457 1489 1521 1553 1585 1617 1649 1681 1713 1745 1777 1809 1841 1873 1905 1937 1969 2001 2033 2065 2097 2129 2161 2193 2225 2257 2289 2321 2353 2385 2417 2449 2481 2513 2545 2577 2609 2641 2673 2705 2737 2769 2801 2833 2865 2897 2929 2961 2993 3025 3057 3089 3121 3153 3185 3217 3249 3281 3313 3345 3377 3409 3441 3473 3505 3537 3569 3601 3633 3665 3697 3729 3761 3793 3825 3857 3889 3921 3953 3985 4017 4049 4081 4113 4145 4177 4209 4241 4273 4305 4337 4369 4401 4433 4465 4497 4529 4561 4593 4625 4657 4689 4721 4753 4785 4817 4849 4881 4913 4945 4977 5009 5041 5073 5105 5137 5169 5201 5233 5265 5297 5329 5361 5393 5425 5457 5489 5521 5553 5585 5617 5649 5681 5713 5745 5777 5809 5841 5873 5905 5937 5969 6001 6033 6065 6097 6129 1 33 65 97 129 161 193 225 257 289 321 353 385 417 449 481 513 545 577 609 641 673 705 737 769 801 833 865 897 929 961 993 1025 1057 1089 1121 1153 1185 1217 1249 1281 1313 1345 1377 1409 1441 1473 1505 1537 1569 1601 1633 1665 1697 1729 1761 1793 1825 1857 1889 1921 1953 1985 2017 2049 2081 2113 2145 2177 2209 2241 2273 2305 2337 2369 2401 2433 2465 2497 2529 2561 2593 2625 2657 2689 2721 2753 2785 2817 2849 2881 2913 2945 2977 3009 3041 3073 3105 3137 3169 3201 3233 3265 3297 3329 3361 3393 3425 3457 3489 3521 3553 3585 3617 3649 3681 3713 3745 3777 3809 3841 3873 3905 3937 3969 4001 4033 4065 4097 4129 4161 4193 4225 4257 4289 4321 4353 4385 4417 4449 4481 4513 4545 4577 4609 4641 4673 4705 4737 4769 4801 4833 4865 4897 4929 4961 4993 5025 5057 5089 5121 5153 5185 5217 5249 5281 5313 5345 5377 5409 5441 5473 5505 5537 5569 5601 5633 5665 5697 5729 5761 5793 5825 5857 5889 5921 5953 5985 6017 6049 6081 6113 6145 -1 7 39 71 103 135 167 199 231 263 295 327 359 391 423 455 487 519 551 583 615 647 679 711 743 775 807 839 871 903 935 967 999 1031 1063 1095 1127 1159 1191 1223 1255 1287 1319 1351 1383 1415 1447 1479 1511 1543 1575 1607 1639 1671 1703 1735 1767 1799 1831 1863 1895 1927 1959 1991 2023 2055 2087 2119 2151 2183 2215 2247 2279 2311 2343 2375 2407 2439 2471 2503 2535 2567 2599 2631 2663 2695 2727 2759 2791 2823 2855 2887 2919 2951 2983 3015 3047 3079 3111 3143 3175 3207 3239 3271 3303 3335 3367 3399 3431 3463 3495 3527 3559 3591 3623 3655 3687 3719 3751 3783 3815 3847 3879 3911 3943 3975 4007 4039 4071 4103 4135 4167 4199 4231 4263 4295 4327 4359 4391 4423 4455 4487 4519 4551 4583 4615 4647 4679 4711 4743 4775 4807 4839 4871 4903 4935 4967 4999 5031 5063 5095 5127 5159 5191 5223 5255 5287 5319 5351 5383 5415 5447 5479 5511 5543 5575 5607 5639 5671 5703 5735 5767 5799 5831 5863 5895 5927 5959 5991 6023 6055 6087 6119 -1 23 55 87 119 151 183 215 247 279 311 343 375 407 439 471 503 535 567 599 631 663 695 727 759 791 823 855 887 919 951 983 1015 1047 1079 1111 1143 1175 1207 1239 1271 1303 1335 1367 1399 1431 1463 1495 1527 1559 1591 1623 1655 1687 1719 1751 1783 1815 1847 1879 1911 1943 1975 2007 2039 2071 2103 2135 2167 2199 2231 2263 2295 2327 2359 2391 2423 2455 2487 2519 2551 2583 2615 2647 2679 2711 2743 2775 2807 2839 2871 2903 2935 2967 2999 3031 3063 3095 3127 3159 3191 3223 3255 3287 3319 3351 3383 3415 3447 3479 3511 3543 3575 3607 3639 3671 3703 3735 3767 3799 3831 3863 3895 3927 3959 3991 4023 4055 4087 4119 4151 4183 4215 4247 4279 4311 4343 4375 4407 4439 4471 4503 4535 4567 4599 4631 4663 4695 4727 4759 4791 4823 4855 4887 4919 4951 4983 5015 5047 5079 5111 5143 5175 5207 5239 5271 5303 5335 5367 5399 5431 5463 5495 5527 5559 5591 5623 5655 5687 5719 5751 5783 5815 5847 5879 5911 5943 5975 6007 6039 6071 6103 6135 -1 15 47 79 111 143 175 207 239 271 303 335 367 399 431 463 495 527 559 591 623 655 687 719 751 783 815 847 879 911 943 975 1007 1039 1071 1103 1135 1167 1199 1231 1263 1295 1327 1359 1391 1423 1455 1487 1519 1551 1583 1615 1647 1679 1711 1743 1775 1807 1839 1871 1903 1935 1967 1999 2031 2063 2095 2127 2159 2191 2223 2255 2287 2319 2351 2383 2415 2447 2479 2511 2543 2575 2607 2639 2671 2703 2735 2767 2799 2831 2863 2895 2927 2959 2991 3023 3055 3087 3119 3151 3183 3215 3247 3279 3311 3343 3375 3407 3439 3471 3503 3535 3567 3599 3631 3663 3695 3727 3759 3791 3823 3855 3887 3919 3951 3983 4015 4047 4079 4111 4143 4175 4207 4239 4271 4303 4335 4367 4399 4431 4463 4495 4527 4559 4591 4623 4655 4687 4719 4751 4783 4815 4847 4879 4911 4943 4975 5007 5039 5071 5103 5135 5167 5199 5231 5263 5295 5327 5359 5391 5423 5455 5487 5519 5551 5583 5615 5647 5679 5711 5743 5775 5807 5839 5871 5903 5935 5967 5999 6031 6063 6095 6127 -1 31 63 95 127 159 191 223 255 287 319 351 383 415 447 479 511 543 575 607 639 671 703 735 767 799 831 863 895 927 959 991 1023 1055 1087 1119 1151 1183 1215 1247 1279 1311 1343 1375 1407 1439 1471 1503 1535 1567 1599 1631 1663 1695 1727 1759 1791 1823 1855 1887 1919 1951 1983 2015 2047 2079 2111 2143 2175 2207 2239 2271 2303 2335 2367 2399 2431 2463 2495 2527 2559 2591 2623 2655 2687 2719 2751 2783 2815 2847 2879 2911 2943 2975 3007 3039 3071 3103 3135 3167 3199 3231 3263 3295 3327 3359 3391 3423 3455 3487 3519 3551 3583 3615 3647 3679 3711 3743 3775 3807 3839 3871 3903 3935 3967 3999 4031 4063 4095 4127 4159 4191 4223 4255 4287 4319 4351 4383 4415 4447 4479 4511 4543 4575 4607 4639 4671 4703 4735 4767 4799 4831 4863 4895 4927 4959 4991 5023 5055 5087 5119 5151 5183 5215 5247 5279 5311 5343 5375 5407 5439 5471 5503 5535 5567 5599 5631 5663 5695 5727 5759 5791 5823 5855 5887 5919 5951 5983 6015 6047 6079 6111 6143 -1 11 43 75 107 139 171 203 235 267 299 331 363 395 427 459 491 523 555 587 619 651 683 715 747 779 811 843 875 907 939 971 1003 1035 1067 1099 1131 1163 1195 1227 1259 1291 1323 1355 1387 1419 1451 1483 1515 1547 1579 1611 1643 1675 1707 1739 1771 1803 1835 1867 1899 1931 1963 1995 2027 2059 2091 2123 2155 2187 2219 2251 2283 2315 2347 2379 2411 2443 2475 2507 2539 2571 2603 2635 2667 2699 2731 2763 2795 2827 2859 2891 2923 2955 2987 3019 3051 3083 3115 3147 3179 3211 3243 3275 3307 3339 3371 3403 3435 3467 3499 3531 3563 3595 3627 3659 3691 3723 3755 3787 3819 3851 3883 3915 3947 3979 4011 4043 4075 4107 4139 4171 4203 4235 4267 4299 4331 4363 4395 4427 4459 4491 4523 4555 4587 4619 4651 4683 4715 4747 4779 4811 4843 4875 4907 4939 4971 5003 5035 5067 5099 5131 5163 5195 5227 5259 5291 5323 5355 5387 5419 5451 5483 5515 5547 5579 5611 5643 5675 5707 5739 5771 5803 5835 5867 5899 5931 5963 5995 6027 6059 6091 6123 -1 27 59 91 123 155 187 219 251 283 315 347 379 411 443 475 507 539 571 603 635 667 699 731 763 795 827 859 891 923 955 987 1019 1051 1083 1115 1147 1179 1211 1243 1275 1307 1339 1371 1403 1435 1467 1499 1531 1563 1595 1627 1659 1691 1723 1755 1787 1819 1851 1883 1915 1947 1979 2011 2043 2075 2107 2139 2171 2203 2235 2267 2299 2331 2363 2395 2427 2459 2491 2523 2555 2587 2619 2651 2683 2715 2747 2779 2811 2843 2875 2907 2939 2971 3003 3035 3067 3099 3131 3163 3195 3227 3259 3291 3323 3355 3387 3419 3451 3483 3515 3547 3579 3611 3643 3675 3707 3739 3771 3803 3835 3867 3899 3931 3963 3995 4027 4059 4091 4123 4155 4187 4219 4251 4283 4315 4347 4379 4411 4443 4475 4507 4539 4571 4603 4635 4667 4699 4731 4763 4795 4827 4859 4891 4923 4955 4987 5019 5051 5083 5115 5147 5179 5211 5243 5275 5307 5339 5371 5403 5435 5467 5499 5531 5563 5595 5627 5659 5691 5723 5755 5787 5819 5851 5883 5915 5947 5979 6011 6043 6075 6107 6139 -1 19 51 83 115 147 179 211 243 275 307 339 371 403 435 467 499 531 563 595 627 659 691 723 755 787 819 851 883 915 947 979 1011 1043 1075 1107 1139 1171 1203 1235 1267 1299 1331 1363 1395 1427 1459 1491 1523 1555 1587 1619 1651 1683 1715 1747 1779 1811 1843 1875 1907 1939 1971 2003 2035 2067 2099 2131 2163 2195 2227 2259 2291 2323 2355 2387 2419 2451 2483 2515 2547 2579 2611 2643 2675 2707 2739 2771 2803 2835 2867 2899 2931 2963 2995 3027 3059 3091 3123 3155 3187 3219 3251 3283 3315 3347 3379 3411 3443 3475 3507 3539 3571 3603 3635 3667 3699 3731 3763 3795 3827 3859 3891 3923 3955 3987 4019 4051 4083 4115 4147 4179 4211 4243 4275 4307 4339 4371 4403 4435 4467 4499 4531 4563 4595 4627 4659 4691 4723 4755 4787 4819 4851 4883 4915 4947 4979 5011 5043 5075 5107 5139 5171 5203 5235 5267 5299 5331 5363 5395 5427 5459 5491 5523 5555 5587 5619 5651 5683 5715 5747 5779 5811 5843 5875 5907 5939 5971 6003 6035 6067 6099 6131 3 35 67 99 131 163 195 227 259 291 323 355 387 419 451 483 515 547 579 611 643 675 707 739 771 803 835 867 899 931 963 995 1027 1059 1091 1123 1155 1187 1219 1251 1283 1315 1347 1379 1411 1443 1475 1507 1539 1571 1603 1635 1667 1699 1731 1763 1795 1827 1859 1891 1923 1955 1987 2019 2051 2083 2115 2147 2179 2211 2243 2275 2307 2339 2371 2403 2435 2467 2499 2531 2563 2595 2627 2659 2691 2723 2755 2787 2819 2851 2883 2915 2947 2979 3011 3043 3075 3107 3139 3171 3203 3235 3267 3299 3331 3363 3395 3427 3459 3491 3523 3555 3587 3619 3651 3683 3715 3747 3779 3811 3843 3875 3907 3939 3971 4003 4035 4067 4099 4131 4163 4195 4227 4259 4291 4323 4355 4387 4419 4451 4483 4515 4547 4579 4611 4643 4675 4707 4739 4771 4803 4835 4867 4899 4931 4963 4995 5027 5059 5091 5123 5155 5187 5219 5251 5283 5315 5347 5379 5411 5443 5475 5507 5539 5571 5603 5635 5667 5699 5731 5763 5795 5827 5859 5891 5923 5955 5987 6019 6051 6083 6115 6147 -1 6 38 70 102 134 166 198 230 262 294 326 358 390 422 454 486 518 550 582 614 646 678 710 742 774 806 838 870 902 934 966 998 1030 1062 1094 1126 1158 1190 1222 1254 1286 1318 1350 1382 1414 1446 1478 1510 1542 1574 1606 1638 1670 1702 1734 1766 1798 1830 1862 1894 1926 1958 1990 2022 2054 2086 2118 2150 2182 2214 2246 2278 2310 2342 2374 2406 2438 2470 2502 2534 2566 2598 2630 2662 2694 2726 2758 2790 2822 2854 2886 2918 2950 2982 3014 3046 3078 3110 3142 3174 3206 3238 3270 3302 3334 3366 3398 3430 3462 3494 3526 3558 3590 3622 3654 3686 3718 3750 3782 3814 3846 3878 3910 3942 3974 4006 4038 4070 4102 4134 4166 4198 4230 4262 4294 4326 4358 4390 4422 4454 4486 4518 4550 4582 4614 4646 4678 4710 4742 4774 4806 4838 4870 4902 4934 4966 4998 5030 5062 5094 5126 5158 5190 5222 5254 5286 5318 5350 5382 5414 5446 5478 5510 5542 5574 5606 5638 5670 5702 5734 5766 5798 5830 5862 5894 5926 5958 5990 6022 6054 6086 6118 -1 22 54 86 118 150 182 214 246 278 310 342 374 406 438 470 502 534 566 598 630 662 694 726 758 790 822 854 886 918 950 982 1014 1046 1078 1110 1142 1174 1206 1238 1270 1302 1334 1366 1398 1430 1462 1494 1526 1558 1590 1622 1654 1686 1718 1750 1782 1814 1846 1878 1910 1942 1974 2006 2038 2070 2102 2134 2166 2198 2230 2262 2294 2326 2358 2390 2422 2454 2486 2518 2550 2582 2614 2646 2678 2710 2742 2774 2806 2838 2870 2902 2934 2966 2998 3030 3062 3094 3126 3158 3190 3222 3254 3286 3318 3350 3382 3414 3446 3478 3510 3542 3574 3606 3638 3670 3702 3734 3766 3798 3830 3862 3894 3926 3958 3990 4022 4054 4086 4118 4150 4182 4214 4246 4278 4310 4342 4374 4406 4438 4470 4502 4534 4566 4598 4630 4662 4694 4726 4758 4790 4822 4854 4886 4918 4950 4982 5014 5046 5078 5110 5142 5174 5206 5238 5270 5302 5334 5366 5398 5430 5462 5494 5526 5558 5590 5622 5654 5686 5718 5750 5782 5814 5846 5878 5910 5942 5974 6006 6038 6070 6102 6134 -1 14 46 78 110 142 174 206 238 270 302 334 366 398 430 462 494 526 558 590 622 654 686 718 750 782 814 846 878 910 942 974 1006 1038 1070 1102 1134 1166 1198 1230 1262 1294 1326 1358 1390 1422 1454 1486 1518 1550 1582 1614 1646 1678 1710 1742 1774 1806 1838 1870 1902 1934 1966 1998 2030 2062 2094 2126 2158 2190 2222 2254 2286 2318 2350 2382 2414 2446 2478 2510 2542 2574 2606 2638 2670 2702 2734 2766 2798 2830 2862 2894 2926 2958 2990 3022 3054 3086 3118 3150 3182 3214 3246 3278 3310 3342 3374 3406 3438 3470 3502 3534 3566 3598 3630 3662 3694 3726 3758 3790 3822 3854 3886 3918 3950 3982 4014 4046 4078 4110 4142 4174 4206 4238 4270 4302 4334 4366 4398 4430 4462 4494 4526 4558 4590 4622 4654 4686 4718 4750 4782 4814 4846 4878 4910 4942 4974 5006 5038 5070 5102 5134 5166 5198 5230 5262 5294 5326 5358 5390 5422 5454 5486 5518 5550 5582 5614 5646 5678 5710 5742 5774 5806 5838 5870 5902 5934 5966 5998 6030 6062 6094 6126 -1 30 62 94 126 158 190 222 254 286 318 350 382 414 446 478 510 542 574 606 638 670 702 734 766 798 830 862 894 926 958 990 1022 1054 1086 1118 1150 1182 1214 1246 1278 1310 1342 1374 1406 1438 1470 1502 1534 1566 1598 1630 1662 1694 1726 1758 1790 1822 1854 1886 1918 1950 1982 2014 2046 2078 2110 2142 2174 2206 2238 2270 2302 2334 2366 2398 2430 2462 2494 2526 2558 2590 2622 2654 2686 2718 2750 2782 2814 2846 2878 2910 2942 2974 3006 3038 3070 3102 3134 3166 3198 3230 3262 3294 3326 3358 3390 3422 3454 3486 3518 3550 3582 3614 3646 3678 3710 3742 3774 3806 3838 3870 3902 3934 3966 3998 4030 4062 4094 4126 4158 4190 4222 4254 4286 4318 4350 4382 4414 4446 4478 4510 4542 4574 4606 4638 4670 4702 4734 4766 4798 4830 4862 4894 4926 4958 4990 5022 5054 5086 5118 5150 5182 5214 5246 5278 5310 5342 5374 5406 5438 5470 5502 5534 5566 5598 5630 5662 5694 5726 5758 5790 5822 5854 5886 5918 5950 5982 6014 6046 6078 6110 6142 -1 10 42 74 106 138 170 202 234 266 298 330 362 394 426 458 490 522 554 586 618 650 682 714 746 778 810 842 874 906 938 970 1002 1034 1066 1098 1130 1162 1194 1226 1258 1290 1322 1354 1386 1418 1450 1482 1514 1546 1578 1610 1642 1674 1706 1738 1770 1802 1834 1866 1898 1930 1962 1994 2026 2058 2090 2122 2154 2186 2218 2250 2282 2314 2346 2378 2410 2442 2474 2506 2538 2570 2602 2634 2666 2698 2730 2762 2794 2826 2858 2890 2922 2954 2986 3018 3050 3082 3114 3146 3178 3210 3242 3274 3306 3338 3370 3402 3434 3466 3498 3530 3562 3594 3626 3658 3690 3722 3754 3786 3818 3850 3882 3914 3946 3978 4010 4042 4074 4106 4138 4170 4202 4234 4266 4298 4330 4362 4394 4426 4458 4490 4522 4554 4586 4618 4650 4682 4714 4746 4778 4810 4842 4874 4906 4938 4970 5002 5034 5066 5098 5130 5162 5194 5226 5258 5290 5322 5354 5386 5418 5450 5482 5514 5546 5578 5610 5642 5674 5706 5738 5770 5802 5834 5866 5898 5930 5962 5994 6026 6058 6090 6122 -1 26 58 90 122 154 186 218 250 282 314 346 378 410 442 474 506 538 570 602 634 666 698 730 762 794 826 858 890 922 954 986 1018 1050 1082 1114 1146 1178 1210 1242 1274 1306 1338 1370 1402 1434 1466 1498 1530 1562 1594 1626 1658 1690 1722 1754 1786 1818 1850 1882 1914 1946 1978 2010 2042 2074 2106 2138 2170 2202 2234 2266 2298 2330 2362 2394 2426 2458 2490 2522 2554 2586 2618 2650 2682 2714 2746 2778 2810 2842 2874 2906 2938 2970 3002 3034 3066 3098 3130 3162 3194 3226 3258 3290 3322 3354 3386 3418 3450 3482 3514 3546 3578 3610 3642 3674 3706 3738 3770 3802 3834 3866 3898 3930 3962 3994 4026 4058 4090 4122 4154 4186 4218 4250 4282 4314 4346 4378 4410 4442 4474 4506 4538 4570 4602 4634 4666 4698 4730 4762 4794 4826 4858 4890 4922 4954 4986 5018 5050 5082 5114 5146 5178 5210 5242 5274 5306 5338 5370 5402 5434 5466 5498 5530 5562 5594 5626 5658 5690 5722 5754 5786 5818 5850 5882 5914 5946 5978 6010 6042 6074 6106 6138 -1 18 50 82 114 146 178 210 242 274 306 338 370 402 434 466 498 530 562 594 626 658 690 722 754 786 818 850 882 914 946 978 1010 1042 1074 1106 1138 1170 1202 1234 1266 1298 1330 1362 1394 1426 1458 1490 1522 1554 1586 1618 1650 1682 1714 1746 1778 1810 1842 1874 1906 1938 1970 2002 2034 2066 2098 2130 2162 2194 2226 2258 2290 2322 2354 2386 2418 2450 2482 2514 2546 2578 2610 2642 2674 2706 2738 2770 2802 2834 2866 2898 2930 2962 2994 3026 3058 3090 3122 3154 3186 3218 3250 3282 3314 3346 3378 3410 3442 3474 3506 3538 3570 3602 3634 3666 3698 3730 3762 3794 3826 3858 3890 3922 3954 3986 4018 4050 4082 4114 4146 4178 4210 4242 4274 4306 4338 4370 4402 4434 4466 4498 4530 4562 4594 4626 4658 4690 4722 4754 4786 4818 4850 4882 4914 4946 4978 5010 5042 5074 5106 5138 5170 5202 5234 5266 5298 5330 5362 5394 5426 5458 5490 5522 5554 5586 5618 5650 5682 5714 5746 5778 5810 5842 5874 5906 5938 5970 6002 6034 6066 6098 6130 2 34 66 98 130 162 194 226 258 290 322 354 386 418 450 482 514 546 578 610 642 674 706 738 770 802 834 866 898 930 962 994 1026 1058 1090 1122 1154 1186 1218 1250 1282 1314 1346 1378 1410 1442 1474 1506 1538 1570 1602 1634 1666 1698 1730 1762 1794 1826 1858 1890 1922 1954 1986 2018 2050 2082 2114 2146 2178 2210 2242 2274 2306 2338 2370 2402 2434 2466 2498 2530 2562 2594 2626 2658 2690 2722 2754 2786 2818 2850 2882 2914 2946 2978 3010 3042 3074 3106 3138 3170 3202 3234 3266 3298 3330 3362 3394 3426 3458 3490 3522 3554 3586 3618 3650 3682 3714 3746 3778 3810 3842 3874 3906 3938 3970 4002 4034 4066 4098 4130 4162 4194 4226 4258 4290 4322 4354 4386 4418 4450 4482 4514 4546 4578 4610 4642 4674 4706 4738 4770 4802 4834 4866 4898 4930 4962 4994 5026 5058 5090 5122 5154 5186 5218 5250 5282 5314 5346 5378 5410 5442 5474 5506 5538 5570 5602 5634 5666 5698 5730 5762 5794 5826 5858 5890 5922 5954 5986 6018 6050 6082 6114 6146 -1 8 40 72 104 136 168 200 232 264 296 328 360 392 424 456 488 520 552 584 616 648 680 712 744 776 808 840 872 904 936 968 1000 1032 1064 1096 1128 1160 1192 1224 1256 1288 1320 1352 1384 1416 1448 1480 1512 1544 1576 1608 1640 1672 1704 1736 1768 1800 1832 1864 1896 1928 1960 1992 2024 2056 2088 2120 2152 2184 2216 2248 2280 2312 2344 2376 2408 2440 2472 2504 2536 2568 2600 2632 2664 2696 2728 2760 2792 2824 2856 2888 2920 2952 2984 3016 3048 3080 3112 3144 3176 3208 3240 3272 3304 3336 3368 3400 3432 3464 3496 3528 3560 3592 3624 3656 3688 3720 3752 3784 3816 3848 3880 3912 3944 3976 4008 4040 4072 4104 4136 4168 4200 4232 4264 4296 4328 4360 4392 4424 4456 4488 4520 4552 4584 4616 4648 4680 4712 4744 4776 4808 4840 4872 4904 4936 4968 5000 5032 5064 5096 5128 5160 5192 5224 5256 5288 5320 5352 5384 5416 5448 5480 5512 5544 5576 5608 5640 5672 5704 5736 5768 5800 5832 5864 5896 5928 5960 5992 6024 6056 6088 6120 -1 24 56 88 120 152 184 216 248 280 312 344 376 408 440 472 504 536 568 600 632 664 696 728 760 792 824 856 888 920 952 984 1016 1048 1080 1112 1144 1176 1208 1240 1272 1304 1336 1368 1400 1432 1464 1496 1528 1560 1592 1624 1656 1688 1720 1752 1784 1816 1848 1880 1912 1944 1976 2008 2040 2072 2104 2136 2168 2200 2232 2264 2296 2328 2360 2392 2424 2456 2488 2520 2552 2584 2616 2648 2680 2712 2744 2776 2808 2840 2872 2904 2936 2968 3000 3032 3064 3096 3128 3160 3192 3224 3256 3288 3320 3352 3384 3416 3448 3480 3512 3544 3576 3608 3640 3672 3704 3736 3768 3800 3832 3864 3896 3928 3960 3992 4024 4056 4088 4120 4152 4184 4216 4248 4280 4312 4344 4376 4408 4440 4472 4504 4536 4568 4600 4632 4664 4696 4728 4760 4792 4824 4856 4888 4920 4952 4984 5016 5048 5080 5112 5144 5176 5208 5240 5272 5304 5336 5368 5400 5432 5464 5496 5528 5560 5592 5624 5656 5688 5720 5752 5784 5816 5848 5880 5912 5944 5976 6008 6040 6072 6104 6136 -1 16 48 80 112 144 176 208 240 272 304 336 368 400 432 464 496 528 560 592 624 656 688 720 752 784 816 848 880 912 944 976 1008 1040 1072 1104 1136 1168 1200 1232 1264 1296 1328 1360 1392 1424 1456 1488 1520 1552 1584 1616 1648 1680 1712 1744 1776 1808 1840 1872 1904 1936 1968 2000 2032 2064 2096 2128 2160 2192 2224 2256 2288 2320 2352 2384 2416 2448 2480 2512 2544 2576 2608 2640 2672 2704 2736 2768 2800 2832 2864 2896 2928 2960 2992 3024 3056 3088 3120 3152 3184 3216 3248 3280 3312 3344 3376 3408 3440 3472 3504 3536 3568 3600 3632 3664 3696 3728 3760 3792 3824 3856 3888 3920 3952 3984 4016 4048 4080 4112 4144 4176 4208 4240 4272 4304 4336 4368 4400 4432 4464 4496 4528 4560 4592 4624 4656 4688 4720 4752 4784 4816 4848 4880 4912 4944 4976 5008 5040 5072 5104 5136 5168 5200 5232 5264 5296 5328 5360 5392 5424 5456 5488 5520 5552 5584 5616 5648 5680 5712 5744 5776 5808 5840 5872 5904 5936 5968 6000 6032 6064 6096 6128 0 32 64 96 128 160 192 224 256 288 320 352 384 416 448 480 512 544 576 608 640 672 704 736 768 800 832 864 896 928 960 992 1024 1056 1088 1120 1152 1184 1216 1248 1280 1312 1344 1376 1408 1440 1472 1504 1536 1568 1600 1632 1664 1696 1728 1760 1792 1824 1856 1888 1920 1952 1984 2016 2048 2080 2112 2144 2176 2208 2240 2272 2304 2336 2368 2400 2432 2464 2496 2528 2560 2592 2624 2656 2688 2720 2752 2784 2816 2848 2880 2912 2944 2976 3008 3040 3072 3104 3136 3168 3200 3232 3264 3296 3328 3360 3392 3424 3456 3488 3520 3552 3584 3616 3648 3680 3712 3744 3776 3808 3840 3872 3904 3936 3968 4000 4032 4064 4096 4128 4160 4192 4224 4256 4288 4320 4352 4384 4416 4448 4480 4512 4544 4576 4608 4640 4672 4704 4736 4768 4800 4832 4864 4896 4928 4960 4992 5024 5056 5088 5120 5152 5184 5216 5248 5280 5312 5344 5376 5408 5440 5472 5504 5536 5568 5600 5632 5664 5696 5728 5760 5792 5824 5856 5888 5920 5952 5984 6016 6048 6080 6112 6144 -1 12 44 76 108 140 172 204 236 268 300 332 364 396 428 460 492 524 556 588 620 652 684 716 748 780 812 844 876 908 940 972 1004 1036 1068 1100 1132 1164 1196 1228 1260 1292 1324 1356 1388 1420 1452 1484 1516 1548 1580 1612 1644 1676 1708 1740 1772 1804 1836 1868 1900 1932 1964 1996 2028 2060 2092 2124 2156 2188 2220 2252 2284 2316 2348 2380 2412 2444 2476 2508 2540 2572 2604 2636 2668 2700 2732 2764 2796 2828 2860 2892 2924 2956 2988 3020 3052 3084 3116 3148 3180 3212 3244 3276 3308 3340 3372 3404 3436 3468 3500 3532 3564 3596 3628 3660 3692 3724 3756 3788 3820 3852 3884 3916 3948 3980 4012 4044 4076 4108 4140 4172 4204 4236 4268 4300 4332 4364 4396 4428 4460 4492 4524 4556 4588 4620 4652 4684 4716 4748 4780 4812 4844 4876 4908 4940 4972 5004 5036 5068 5100 5132 5164 5196 5228 5260 5292 5324 5356 5388 5420 5452 5484 5516 5548 5580 5612 5644 5676 5708 5740 5772 5804 5836 5868 5900 5932 5964 5996 6028 6060 6092 6124 -1 28 60 92 124 156 188 220 252 284 316 348 380 412 444 476 508 540 572 604 636 668 700 732 764 796 828 860 892 924 956 988 1020 1052 1084 1116 1148 1180 1212 1244 1276 1308 1340 1372 1404 1436 1468 1500 1532 1564 1596 1628 1660 1692 1724 1756 1788 1820 1852 1884 1916 1948 1980 2012 2044 2076 2108 2140 2172 2204 2236 2268 2300 2332 2364 2396 2428 2460 2492 2524 2556 2588 2620 2652 2684 2716 2748 2780 2812 2844 2876 2908 2940 2972 3004 3036 3068 3100 3132 3164 3196 3228 3260 3292 3324 3356 3388 3420 3452 3484 3516 3548 3580 3612 3644 3676 3708 3740 3772 3804 3836 3868 3900 3932 3964 3996 4028 4060 4092 4124 4156 4188 4220 4252 4284 4316 4348 4380 4412 4444 4476 4508 4540 4572 4604 4636 4668 4700 4732 4764 4796 4828 4860 4892 4924 4956 4988 5020 5052 5084 5116 5148 5180 5212 5244 5276 5308 5340 5372 5404 5436 5468 5500 5532 5564 5596 5628 5660 5692 5724 5756 5788 5820 5852 5884 5916 5948 5980 6012 6044 6076 6108 6140 -1 20 52 84 116 148 180 212 244 276 308 340 372 404 436 468 500 532 564 596 628 660 692 724 756 788 820 852 884 916 948 980 1012 1044 1076 1108 1140 1172 1204 1236 1268 1300 1332 1364 1396 1428 1460 1492 1524 1556 1588 1620 1652 1684 1716 1748 1780 1812 1844 1876 1908 1940 1972 2004 2036 2068 2100 2132 2164 2196 2228 2260 2292 2324 2356 2388 2420 2452 2484 2516 2548 2580 2612 2644 2676 2708 2740 2772 2804 2836 2868 2900 2932 2964 2996 3028 3060 3092 3124 3156 3188 3220 3252 3284 3316 3348 3380 3412 3444 3476 3508 3540 3572 3604 3636 3668 3700 3732 3764 3796 3828 3860 3892 3924 3956 3988 4020 4052 4084 4116 4148 4180 4212 4244 4276 4308 4340 4372 4404 4436 4468 4500 4532 4564 4596 4628 4660 4692 4724 4756 4788 4820 4852 4884 4916 4948 4980 5012 5044 5076 5108 5140 5172 5204 5236 5268 5300 5332 5364 5396 5428 5460 5492 5524 5556 5588 5620 5652 5684 5716 5748 5780 5812 5844 5876 5908 5940 5972 6004 6036 6068 6100 6132 4 36 68 100 132 164 196 228 260 292 324 356 388 420 452 484 516 548 580 612 644 676 708 740 772 804 836 868 900 932 964 996 1028 1060 1092 1124 1156 1188 1220 1252 1284 1316 1348 1380 1412 1444 1476 1508 1540 1572 1604 1636 1668 1700 1732 1764 1796 1828 1860 1892 1924 1956 1988 2020 2052 2084 2116 2148 2180 2212 2244 2276 2308 2340 2372 2404 2436 2468 2500 2532 2564 2596 2628 2660 2692 2724 2756 2788 2820 2852 2884 2916 2948 2980 3012 3044 3076 3108 3140 3172 3204 3236 3268 3300 3332 3364 3396 3428 3460 3492 3524 3556 3588 3620 3652 3684 3716 3748 3780 3812 3844 3876 3908 3940 3972 4004 4036 4068 4100 4132 4164 4196 4228 4260 4292 4324 4356 4388 4420 4452 4484 4516 4548 4580 4612 4644 4676 4708 4740 4772 4804 4836 4868 4900 4932 4964 4996 5028 5060 5092 5124 5156 5188 5220 5252 5284 5316 5348 5380 5412 5444 5476 5508 5540 5572 5604 5636 5668 5700 5732 5764 5796 5828 5860 5892 5924 5956 5988 6020 6052 6084 6116 -1
